P,Max ScherzerP,14.9,10,DET@OAK,"$11,000 ",Add
P,Yu DarvishP,14.7,9,TEX@MIN,"$11,000 ",Add
P,Zack GreinkeP,13.8,10,CIN@LOS,"$9,800 ",Add
P,Chris SaleP,16.2,5,CLE@CWS,"$9,400 ",Add
P,Sonny GrayP,12.8,10,DET@OAK,"$8,600 ",Add
P,Cole HamelsP,10.5,6,COL@PHI,"$8,500 ",Add
P,Jon LesterP,13.4,10,BOS@ATL,"$8,300 ",Add
P,Mark BuehrleP,12.2,10,TAM@TOR,"$8,100 ",Add
P,Lance LynnP,11.5,10,NYY@STL,"$7,900 ",Add
P,Alex CobbP,11.3,4,TAM@TOR,"$7,800 ",Add
P,Jered WeaverP,11.5,10,LAA@SEA,"$7,600 ",Add
P,Tim HudsonP,11.5,9,CHC@SFG,"$7,000 ",Add
P,Henderson AlvarezP,8.5,10,MIA@WAS,"$6,900 ",Add
P,Aaron HarangP,11.7,10,BOS@ATL,"$6,700 ",Add
P,Jon NieseP,10.5,9,PIT@NYM,"$6,600 ",Add
P,Jorge De La RosaP,9.4,10,COL@PHI,"$6,400 ",Add
P,Phil HughesP,11.3,9,TEX@MIN,"$6,400 ",Add
P,Justin MastersonP,8.1,11,CLE@CWS,"$6,300 ",Add
P,Matt GarzaP,8.2,10,BAL@MIL,"$6,300 ",Add
P,Alfredo SimonP,11.5,9,CIN@LOS,"$6,200 ",Add
P,Roenis EliasP,9.8,10,LAA@SEA,"$5,800 ",Add
P,Wade MileyP,8.7,11,SDP@ARI,"$5,800 ",Add
P,Wei-Yin ChenP,9.2,9,BAL@MIL,"$5,800 ",Add
P,Jake ArrietaP,9.5,4,CHC@SFG,"$5,600 ",Add
P,Eric StultsP,5.5,10,SDP@ARI,"$5,500 ",Add
P,David PhelpsP,4.5,13,NYY@STL,"$5,400 ",Add
SS,Troy Tulowitzki,4.3,49,COL@PHI,"$5,300 ",Add
OF,Yasiel Puig,4,46,CIN@LOS,"$5,200 ",Add
P,Edinson VolquezP,6.8,10,PIT@NYM,"$5,200 ",Add
P,Jeremy GuthrieP,7,10,HOU@KAN,"$5,000 ",Add
OF,Giancarlo Stanton,4.1,52,MIA@WAS,"$5,000 ",Add
OF,Mike Trout,3.5,49,LAA@SEA,"$4,900 ",Add
OF,Carlos Gomez,3.8,46,BAL@MIL,"$4,800 ",Add
1B,Miguel Cabrera,3.2,47,DET@OAK,"$4,800 ",Add
1B,Edwin Encarnacion,3.5,52,TAM@TOR,"$4,700 ",Add
OF,Nelson Cruz,3.8,48,BAL@MIL,"$4,600 ",Add
1B,Chris Davis,3.4,35,BAL@MIL,"$4,500 ",Add
3B,Adrian Beltre,2.8,37,TEX@MIN,"$4,400 ",Add
OF,Carlos Gonzalez,2.7,46,COL@PHI,"$4,400 ",Add
3B,Josh Donaldson,3.6,50,DET@OAK,"$4,300 ",Add
2B,Jose Altuve,3,52,HOU@KAN,"$4,200 ",Add
P,Blake TreinenP,5.4,5,MIA@WAS,"$4,200 ",Add
C,Victor Martinez,3.3,47,DET@OAK,"$4,200 ",Add
OF,Shin-Soo Choo,3,46,TEX@MIN,"$4,100 ",Add
1B,Jose AbreuDL,3.5,44,CLE@CWS,"$4,100 ",Add
1B,Brandon Moss,3,55,DET@OAK,"$4,100 ",Add
OF,Jose Bautista,3.4,54,TAM@TOR,"$4,000 ",Add
SS,Hanley Ramirez,2.6,48,CIN@LOS,"$4,000 ",Add
SS,Jose Reyes,3.1,35,TAM@TOR,"$4,000 ",Add
2B,Dee Gordon,3.3,48,CIN@LOS,"$3,900 ",Add
OF,Charlie Blackmon,3.1,53,COL@PHI,"$3,900 ",Add
OF,Hunter Pence,2.9,52,CHC@SFG,"$3,900 ",Add
OF,Michael Brantley,3.2,54,CLE@CWS,"$3,900 ",Add
3B,David Wright,2.4,50,PIT@NYM,"$3,800 ",Add
OF,Seth Smith,2.8,45,SDP@ARI,"$3,800 ",Add
2B,Ian Kinsler,3.1,46,DET@OAK,"$3,800 ",Add
SS,Alexei Ramirez,3,53,CLE@CWS,"$3,800 ",Add
2B,Robinson Cano,2.6,50,LAA@SEA,"$3,700 ",Add
2B,Brian Dozier,3.6,48,TEX@MIN,"$3,700 ",Add
OF,Corey Dickerson,2.1,32,COL@PHI,"$3,700 ",Add
1B,Adrian Gonzalez,3,51,CIN@LOS,"$3,700 ",Add
OF,Mark TrumboDL,3,21,SDP@ARI,"$3,700 ",Add
OF,Bryce HarperDL,2.1,23,MIA@WAS,"$3,700 ",Add
1B,Albert Pujols,3.2,50,LAA@SEA,"$3,700 ",Add
OF,Yoenis Cespedes,2.8,47,DET@OAK,"$3,700 ",Add
2B,Chase Utley,3.2,45,COL@PHI,"$3,700 ",Add
OF,Adam Jones,2.6,49,BAL@MIL,"$3,700 ",Add
SS,Stephen Drew,2.5,124,BOS@ATL,"$3,700 ",Add
1B,Garrett Jones,2.6,49,MIA@WAS,"$3,600 ",Add
OF,Melky Cabrera,3.1,51,TAM@TOR,"$3,600 ",Add
OF,George Springer,3.1,35,HOU@KAN,"$3,600 ",Add
OF,Alex Rios,2.8,51,TEX@MIN,"$3,600 ",Add
3B,Ryan ZimmermanDL,2.9,10,MIA@WAS,"$3,600 ",Add
1B,Freddie Freeman,3,50,BOS@ATL,"$3,600 ",Add
1B,David Ortiz,2.9,48,BOS@ATL,"$3,600 ",Add
SS,Jimmy Rollins,2.8,46,COL@PHI,"$3,600 ",Add
OF,Josh HamiltonDL,4.7,8,LAA@SEA,"$3,600 ",Add
C,Yadier Molina,2.5,45,NYY@STL,"$3,500 ",Add
OF,Colby RasmusDL,2.3,37,TAM@TOR,"$3,500 ",Add
OF,Justin Ruggiano,1.4,14,CHC@SFG,"$3,500 ",Add
C,Buster Posey,2.2,47,CHC@SFG,"$3,500 ",Add
3B,Nolan ArenadoDL,2.6,49,COL@PHI,"$3,500 ",Add
OF,A.J. Pollock,2.3,47,SDP@ARI,"$3,500 ",Add
OF,Brett Gardner,2.7,49,NYY@STL,"$3,500 ",Add
OF,Marlon Byrd,2.4,48,COL@PHI,"$3,500 ",Add
OF,Jacoby Ellsbury,2.6,48,NYY@STL,"$3,500 ",Add
3B,Kevin KouzmanoffDL,3.3,13,TEX@MIN,"$3,500 ",Add
C,Devin Mesoraco,3.6,22,CIN@LOS,"$3,500 ",Add
3B,Lonnie Chisenhall,2.3,39,CLE@CWS,"$3,500 ",Add
1B,Adam Dunn,2.8,43,CLE@CWS,"$3,400 ",Add
OF,Matt Kemp,2.3,42,CIN@LOS,"$3,400 ",Add
3B,Todd Frazier,2.7,50,CIN@LOS,"$3,400 ",Add
3B,Carlos Santana,2.1,50,CLE@CWS,"$3,400 ",Add
1B,Justin Morneau,2.7,49,COL@PHI,"$3,400 ",Add
1B,Mark Teixeira,3,35,NYY@STL,"$3,400 ",Add
C,Evan Gattis,2.4,38,BOS@ATL,"$3,400 ",Add
OF,Michael Cuddyer,2.9,24,COL@PHI,"$3,400 ",Add
3B,Juan Francisco,3.2,29,TAM@TOR,"$3,400 ",Add
C,Brian McCann,1.8,45,NYY@STL,"$3,400 ",Add
1B,Joey VottoDL,2.7,39,CIN@LOS,"$3,400 ",Add
OF,Mike Morse,2.6,52,CHC@SFG,"$3,400 ",Add
OF,Curtis Granderson,2.1,51,PIT@NYM,"$3,400 ",Add
OF,Drew Stubbs,1.9,38,COL@PHI,"$3,400 ",Add
OF,Jay Bruce,2.6,33,CIN@LOS,"$3,400 ",Add
1B,Prince FielderDL,2.1,42,TEX@MIN,"$3,400 ",Add
3B,Pablo Sandoval,2,50,CHC@SFG,"$3,400 ",Add
OF,Dexter Fowler,2.5,48,HOU@KAN,"$3,300 ",Add
SS,Ian Desmond,2.4,51,MIA@WAS,"$3,300 ",Add
SS,Josh Rutledge,1.3,13,COL@PHI,"$3,300 ",Add
2B,Howie Kendrick,2.9,49,LAA@SEA,"$3,300 ",Add
SS,Asdrubal Cabrera,2.2,49,CLE@CWS,"$3,300 ",Add
OF,Rajai Davis,3,38,DET@OAK,"$3,300 ",Add
3B,Luis Valbuena,2,45,CHC@SFG,"$3,300 ",Add
1B,Brandon BeltDL,2.7,35,CHC@SFG,"$3,300 ",Add
OF,Eric YoungDL,2.5,42,PIT@NYM,"$3,200 ",Add
OF,Jayson Werth,2.4,51,MIA@WAS,"$3,200 ",Add
OF,Denard Span,2.3,44,MIA@WAS,"$3,200 ",Add
OF,Matt Holliday,2.5,50,NYY@STL,"$3,200 ",Add
OF,Junior Lake,2,46,CHC@SFG,"$3,200 ",Add
2B,Dustin Pedroia,2.4,49,BOS@ATL,"$3,200 ",Add
OF,Josh Reddick,1.7,45,DET@OAK,"$3,200 ",Add
SS,Xander Bogaerts,2.1,48,BOS@ATL,"$3,200 ",Add
3B,Eric Chavez,1.2,34,SDP@ARI,"$3,200 ",Add
C,Wilin Rosario,1.8,32,COL@PHI,"$3,200 ",Add
OF,Christian Yelich,2.6,51,MIA@WAS,"$3,200 ",Add
2B,Jurickson ProfarDL,1.6,85,TEX@MIN,"$3,200 ",Add
OF,Avisail GarciaDL,2.8,8,CLE@CWS,"$3,200 ",Add
OF,Billy Hamilton,2.2,45,CIN@LOS,"$3,200 ",Add
SS,Starlin Castro,2.4,49,CHC@SFG,"$3,200 ",Add
2B,Rickie Weeks,1.1,37,BAL@MIL,"$3,100 ",Add
3B,Chase Headley,1.9,35,SDP@ARI,"$3,100 ",Add
2B,Neil Walker,2.6,50,PIT@NYM,"$3,100 ",Add
OF,Steve Souza,0,8,MIA@WAS,"$3,100 ",Add
OF,Nyjer MorganDL,2.6,15,CLE@CWS,"$3,100 ",Add
2B,Omar Infante,2.3,31,HOU@KAN,"$3,100 ",Add
OF,Carlos BeltranDL,2.2,33,NYY@STL,"$3,100 ",Add
C,Josmil Pinto,2.4,35,TEX@MIN,"$3,100 ",Add
OF,Jonny Gomes,2,38,BOS@ATL,"$3,100 ",Add
1B,Adam Lind,2.5,26,TAM@TOR,"$3,100 ",Add
OF,Michael Saunders,1.8,45,LAA@SEA,"$3,100 ",Add
C,John Jaso,2,38,DET@OAK,"$3,100 ",Add
C,Geovany SotoDL,2,54,TEX@MIN,"$3,100 ",Add
SS,Erick Aybar,2.2,48,LAA@SEA,"$3,100 ",Add
OF,Coco Crisp,2.6,38,DET@OAK,"$3,100 ",Add
3B,Matt Carpenter,2.3,53,NYY@STL,"$3,100 ",Add
SS,Elvis Andrus,2.4,51,TEX@MIN,"$3,100 ",Add
C,A.J. Pierzynski,1.9,41,BOS@ATL,"$3,100 ",Add
2B,Anthony Rendon,2.3,56,MIA@WAS,"$3,100 ",Add
SS,Didi Gregorius,0,2,SDP@ARI,"$3,100 ",Add
2B,Daniel Murphy,2.7,49,PIT@NYM,"$3,100 ",Add
OF,Starling Marte,2.5,50,PIT@NYM,"$3,100 ",Add
OF,Angel Pagan,2.6,46,CHC@SFG,"$3,100 ",Add
C,Alex Avila,1.9,38,DET@OAK,"$3,100 ",Add
OF,Michael Bourn,2.3,32,CLE@CWS,"$3,100 ",Add
2B,Ben ZobristDL,2.1,43,TAM@TOR,"$3,100 ",Add
3B,Kyle Seager,2.5,47,LAA@SEA,"$3,100 ",Add
OF,Carl Crawford,2.2,43,CIN@LOS,"$3,100 ",Add
OF,Josh Willingham,2,7,TEX@MIN,"$3,100 ",Add
3B,Aramis RamirezDL,2,34,BAL@MIL,"$3,000 ",Add
3B,David Freese,1.5,30,LAA@SEA,"$3,000 ",Add
C,Francisco Pena,0,1,HOU@KAN,"$3,000 ",Add
C,Jason Castro,2.1,43,HOU@KAN,"$3,000 ",Add
OF,Kole Calhoun,2.3,19,LAA@SEA,"$3,000 ",Add
C,Derek Norris,2.6,41,DET@OAK,"$3,000 ",Add
C,Yasmani Grandal,1.7,39,SDP@ARI,"$3,000 ",Add
C,Miguel Montero,2.2,48,SDP@ARI,"$3,000 ",Add
2B,Greg Garcia,1.1,7,NYY@STL,"$3,000 ",Add
OF,David Murphy,2.3,48,CLE@CWS,"$3,000 ",Add
3B,Will MiddlebrooksDL,1.8,21,BOS@ATL,"$3,000 ",Add
1B,Mark Reynolds,2.3,44,BAL@MIL,"$3,000 ",Add
2B,Jason KipnisDL,2.6,27,CLE@CWS,"$3,000 ",Add
3B,Trevor Plouffe,2.6,47,TEX@MIN,"$3,000 ",Add
OF,B.J. Upton,2,47,BOS@ATL,"$3,000 ",Add
1B,Anthony Rizzo,2.9,49,CHC@SFG,"$3,000 ",Add
C,Yan Gomes,2.2,44,CLE@CWS,"$3,000 ",Add
2B,Emilio Bonifacio,1.9,55,CHC@SFG,"$3,000 ",Add
C,Hank Conger,2.3,24,LAA@SEA,"$3,000 ",Add
OF,Torii Hunter,2.4,42,DET@OAK,"$3,000 ",Add
3B,Yangervis Solarte,2,55,NYY@STL,"$3,000 ",Add
SS,Jed Lowrie,2.2,48,DET@OAK,"$3,000 ",Add
OF,Randal Grichuk,0.6,9,NYY@STL,"$3,000 ",Add
OF,Adam Eaton,2.6,34,CLE@CWS,"$3,000 ",Add
C,Chris Iannetta,2.6,32,LAA@SEA,"$3,000 ",Add
1B,Eric Campbell,1.8,11,PIT@NYM,"$3,000 ",Add
OF,Alex Gordon,2.3,50,HOU@KAN,"$3,000 ",Add
OF,Tyler Collins,0.1,7,DET@OAK,"$3,000 ",Add
OF,Alfonso Soriano,1.8,48,NYY@STL,"$3,000 ",Add
2B,Kolten Wong,2.1,28,NYY@STL,"$3,000 ",Add
1B,Jesus Aguilar,0.9,4,CLE@CWS,"$3,000 ",Add
3B,Pedro Baez,0,1,CIN@LOS,"$3,000 ",Add
SS,Rafael FurcalDL,0,0,MIA@WAS,"$3,000 ",Add
3B,Pedro Alvarez,2.3,50,PIT@NYM,"$2,900 ",Add
2B,Brandon Hicks,2,44,CHC@SFG,"$2,900 ",Add
C,Russell Martin,2.7,19,PIT@NYM,"$2,900 ",Add
2B,Gordon Beckham,2.2,30,CLE@CWS,"$2,900 ",Add
OF,Marcell Ozuna,2.3,50,MIA@WAS,"$2,900 ",Add
OF,Oswaldo Arcia,1.2,5,TEX@MIN,"$2,900 ",Add
OF,Austin Jackson,2.4,44,DET@OAK,"$2,900 ",Add
3B,Conor Gillaspie,2.5,32,CLE@CWS,"$2,900 ",Add
2B,Cole Figueroa,0.6,7,TAM@TOR,"$2,900 ",Add
OF,Khris Davis,2.2,46,BAL@MIL,"$2,900 ",Add
2B,Donnie Murphy,1.4,28,TEX@MIN,"$2,900 ",Add
1B,Adam LaRoche,3.1,34,MIA@WAS,"$2,900 ",Add
3B,Cody AscheDL,1.9,40,COL@PHI,"$2,900 ",Add
SS,Erisbel Arruebarrena,1.6,4,CIN@LOS,"$2,900 ",Add
3B,Manny Machado,1.6,22,BAL@MIL,"$2,900 ",Add
OF,Juan Lagares,2.1,36,PIT@NYM,"$2,900 ",Add
SS,Brandon Crawford,2.2,50,CHC@SFG,"$2,900 ",Add
2B,Ryan Raburn,1.1,34,CLE@CWS,"$2,900 ",Add
SS,Daniel Santana,1.8,11,TEX@MIN,"$2,900 ",Add
2B,Derek Dietrich,2.3,38,MIA@WAS,"$2,900 ",Add
OF,Ichiro Suzuki,1.3,39,NYY@STL,"$2,900 ",Add
OF,James Jones,2.1,22,LAA@SEA,"$2,900 ",Add
2B,Brandon Phillips,1.7,48,CIN@LOS,"$2,900 ",Add
OF,Carlos Quentin,2.6,8,SDP@ARI,"$2,900 ",Add
OF,Norichika Aoki,2,48,HOU@KAN,"$2,900 ",Add
OF,Shane VictorinoDL,2.1,21,BOS@ATL,"$2,900 ",Add
OF,Justin Maxwell,0.5,16,HOU@KAN,"$2,900 ",Add
OF,Desmond Jennings,2.6,47,TAM@TOR,"$2,900 ",Add
1B,Joe Mauer,2.3,43,TEX@MIN,"$2,900 ",Add
OF,Lorenzo Cain,2,36,HOU@KAN,"$2,900 ",Add
SS,Jean Segura,2.1,48,BAL@MIL,"$2,900 ",Add
OF,Mitch Moreland,1.8,42,TEX@MIN,"$2,800 ",Add
C,Jarrod Saltalamacchia,2.1,45,MIA@WAS,"$2,800 ",Add
OF,Dan Robertson,0.4,9,TEX@MIN,"$2,800 ",Add
OF,J.D. Martinez,2.1,18,DET@OAK,"$2,800 ",Add
C,Carlos Ruiz,2.3,38,COL@PHI,"$2,800 ",Add
1B,Matt Adams,1.9,50,NYY@STL,"$2,800 ",Add
OF,Robbie Grossman,1.5,15,HOU@KAN,"$2,800 ",Add
C,Salvador Perez,1.8,43,HOU@KAN,"$2,800 ",Add
OF,Allen Craig,1.7,56,NYY@STL,"$2,800 ",Add
2B,Marco ScutaroDL,1.8,127,CHC@SFG,"$2,800 ",Add
1B,Gaby Sanchez,1.8,37,PIT@NYM,"$2,800 ",Add
OF,Ben Revere,1.8,42,COL@PHI,"$2,800 ",Add
C,Adrian Nieto,0.8,19,CLE@CWS,"$2,800 ",Add
C,Martin Maldonado,2.1,14,BAL@MIL,"$2,800 ",Add
3B,Vince Belnome,0,0,TAM@TOR,"$2,800 ",Add
OF,Anthony Gose,1.9,14,TAM@TOR,"$2,800 ",Add
1B,Mike NapoliDL,2.5,43,BOS@ATL,"$2,800 ",Add
SS,Luis Sardinas,0.7,10,TEX@MIN,"$2,800 ",Add
1B,Eric Hosmer,2,50,HOU@KAN,"$2,800 ",Add
SS,Grant Green,1.7,17,LAA@SEA,"$2,800 ",Add
3B,Brett Lawrie,1.8,54,TAM@TOR,"$2,800 ",Add
OF,Gregor Blanco,1,39,CHC@SFG,"$2,800 ",Add
3B,Matt Dominguez,1.9,51,HOU@KAN,"$2,800 ",Add
OF,Grady Sizemore,1.5,43,BOS@ATL,"$2,800 ",Add
OF,Jarrod Dyson,1.3,31,HOU@KAN,"$2,800 ",Add
OF,Scott Van Slyke,1.8,30,CIN@LOS,"$2,800 ",Add
OF,Dayan Viciedo,2.3,50,CLE@CWS,"$2,800 ",Add
SS,Alcides Escobar,2.3,50,HOU@KAN,"$2,800 ",Add
SS,Jonathan Villar,2,48,HOU@KAN,"$2,800 ",Add
OF,Andre Ethier,1.6,44,CIN@LOS,"$2,800 ",Add
OF,Scott Hairston,1.1,11,MIA@WAS,"$2,800 ",Add
C,Matt WietersDL,2.7,26,BAL@MIL,"$2,800 ",Add
C,Tucker Barnhart,0.4,10,CIN@LOS,"$2,800 ",Add
OF,Dustin Ackley,2,45,LAA@SEA,"$2,700 ",Add
OF,Chris Young,1.8,35,PIT@NYM,"$2,700 ",Add
3B,Ian StewartDL,1.4,24,LAA@SEA,"$2,700 ",Add
C,Wilson Ramos,1.3,15,MIA@WAS,"$2,700 ",Add
OF,Andy DirksDL,1.7,135,DET@OAK,"$2,700 ",Add
SS,Chris Owings,1.7,47,SDP@ARI,"$2,700 ",Add
SS,Jason Bartlett,1.1,3,TEX@MIN,"$2,700 ",Add
2B,Nick Franklin,0.9,12,LAA@SEA,"$2,700 ",Add
OF,Franklin Gutierrez,2.4,41,LAA@SEA,"$2,700 ",Add
2B,Ed Lucas,1.7,16,MIA@WAS,"$2,700 ",Add
SS,Derek Jeter,1.6,43,NYY@STL,"$2,700 ",Add
OF,Craig Gentry,1.5,38,DET@OAK,"$2,700 ",Add
OF,Nolan ReimoldDL,1.4,40,BAL@MIL,"$2,700 ",Add
OF,Sam FuldDL,2.3,20,TEX@MIN,"$2,700 ",Add
OF,Peter Bourjos,1.4,38,NYY@STL,"$2,700 ",Add
OF,Gerardo Parra,2.1,52,SDP@ARI,"$2,700 ",Add
C,A.J. EllisDL,1.2,15,CIN@LOS,"$2,700 ",Add
2B,Rougned Odor,1.9,14,TEX@MIN,"$2,700 ",Add
OF,Jason Heyward,2.1,48,BOS@ATL,"$2,700 ",Add
3B,Mike Olt,1.8,42,CHC@SFG,"$2,700 ",Add
C,Wil Nieves,2,10,COL@PHI,"$2,700 ",Add
3B,Juan UribeDL,2.1,40,CIN@LOS,"$2,700 ",Add
SS,Jose IglesiasDL,1.6,109,DET@OAK,"$2,700 ",Add
C,Hector Sanchez,1.4,32,CHC@SFG,"$2,700 ",Add
OF,Corey HartDL,1.9,37,LAA@SEA,"$2,700 ",Add
C,Mike Zunino,2,39,LAA@SEA,"$2,600 ",Add
OF,Matt Joyce,2,48,TAM@TOR,"$2,600 ",Add
1B,C.J. Cron,1.7,19,LAA@SEA,"$2,600 ",Add
2B,Justin Turner,1.2,34,CIN@LOS,"$2,600 ",Add
3B,Marcus Semien,2,41,CLE@CWS,"$2,600 ",Add
C,Kurt Suzuki,2.2,41,TEX@MIN,"$2,600 ",Add
1B,Darin Ruf,0.1,3,COL@PHI,"$2,600 ",Add
1B,Billy Butler,1.6,50,HOU@KAN,"$2,600 ",Add
OF,David DeJesus,2,44,TAM@TOR,"$2,600 ",Add
2B,Josh Harrison,1.6,36,PIT@NYM,"$2,600 ",Add
OF,Raul Ibanez,1.6,41,LAA@SEA,"$2,600 ",Add
C,Tony Sanchez,1.6,21,PIT@NYM,"$2,600 ",Add
1B,Ryan Howard,2.5,47,COL@PHI,"$2,600 ",Add
C,Welington Castillo,1.9,40,CHC@SFG,"$2,600 ",Add
OF,Brandon GuyerDL,1.1,28,TAM@TOR,"$2,600 ",Add
1B,Nick Swisher,1.8,49,CLE@CWS,"$2,600 ",Add
3B,Casey McGehee,2,51,MIA@WAS,"$2,600 ",Add
2B,Jemile Weeks,1.7,3,BAL@MIL,"$2,600 ",Add
1B,Steve Pearce,2.1,20,BAL@MIL,"$2,600 ",Add
OF,Wil Myers,1.9,52,TAM@TOR,"$2,600 ",Add
OF,Jon Jay,1.4,43,NYY@STL,"$2,600 ",Add
SS,Leury Garcia,0.9,28,CLE@CWS,"$2,600 ",Add
OF,Cameron Maybin,1.3,24,SDP@ARI,"$2,600 ",Add
OF,Brandon Barnes,1.2,44,COL@PHI,"$2,600 ",Add
2B,Jeff Baker,1.3,31,MIA@WAS,"$2,600 ",Add
OF,Daniel Nava,1.1,22,BOS@ATL,"$2,600 ",Add
OF,Bobby Abreu,0.9,25,PIT@NYM,"$2,500 ",Add
C,Dioner Navarro,1.7,41,TAM@TOR,"$2,500 ",Add
3B,Kelly Johnson,1.4,41,NYY@STL,"$2,500 ",Add
OF,Reed Johnson,1.2,37,MIA@WAS,"$2,500 ",Add
OF,Xavier Nady,0.9,22,SDP@ARI,"$2,500 ",Add
2B,Jose Ramirez,0.1,11,CLE@CWS,"$2,500 ",Add
2B,Brian Roberts,1.8,43,NYY@STL,"$2,500 ",Add
3B,Michael AlmanzarDL,0,0,BAL@MIL,"$2,500 ",Add
C,Caleb Joseph,0,9,BAL@MIL,"$2,500 ",Add
C,Rene Rivera,1.4,24,SDP@ARI,"$2,500 ",Add
2B,Alexander Guerrero,-0.1,2,CIN@LOS,"$2,500 ",Add
2B,Dean Anna,0.8,13,NYY@STL,"$2,500 ",Add
C,Ryan Lavarnway,-13.5,1,BOS@ATL,"$2,500 ",Add
SS,Munenori Kawasaki,1.6,3,TAM@TOR,"$2,500 ",Add
OF,Nick Markakis,2.1,49,BAL@MIL,"$2,500 ",Add
OF,Cody Ross,0.8,29,SDP@ARI,"$2,500 ",Add
C,Jeff Mathis,1.6,17,MIA@WAS,"$2,500 ",Add
OF,Nate Schierholtz,1.5,43,CHC@SFG,"$2,500 ",Add
3B,Jeff Keppinger,1.3,117,CLE@CWS,"$2,500 ",Add
C,Tuffy Gosewisch,1.4,9,SDP@ARI,"$2,500 ",Add
OF,Tony Gwynn,0.8,40,COL@PHI,"$2,500 ",Add
1B,Ike Davis,1.9,45,PIT@NYM,"$2,500 ",Add
1B,Justin Smoak,2.1,50,LAA@SEA,"$2,500 ",Add
OF,Leonys Martin,1.9,48,TEX@MIN,"$2,500 ",Add
OF,Domonic Brown,1.6,47,COL@PHI,"$2,500 ",Add
SS,J.J. Hardy,1.6,41,BAL@MIL,"$2,500 ",Add
C,Gerald Laird,1,19,BOS@ATL,"$2,400 ",Add
OF,Chris Denorfia,1.5,47,SDP@ARI,"$2,400 ",Add
OF,L.J. Hoes,1.1,28,HOU@KAN,"$2,400 ",Add
2B,Skip Schumaker,1.6,17,CIN@LOS,"$2,400 ",Add
C,Bryan Holaday,1.2,18,DET@OAK,"$2,400 ",Add
2B,Stefen Romero,1.2,35,LAA@SEA,"$2,400 ",Add
3B,Nick Punto,1.1,32,DET@OAK,"$2,400 ",Add
C,Tyler Flowers,1.8,45,CLE@CWS,"$2,400 ",Add
C,Ryan Doumit,0.6,30,BOS@ATL,"$2,400 ",Add
3B,Mike Moustakas,1.3,40,HOU@KAN,"$2,400 ",Add
SS,Willie Bloomquist,0.8,20,LAA@SEA,"$2,400 ",Add
3B,Chris Johnson,1.3,49,BOS@ATL,"$2,400 ",Add
SS,Eduardo Escobar,1.8,37,TEX@MIN,"$2,400 ",Add
OF,Marc Krauss,1.3,37,HOU@KAN,"$2,400 ",Add
C,Tony Cruz,1.4,10,NYY@STL,"$2,400 ",Add
2B,Steve Tolleson,2,20,TAM@TOR,"$2,400 ",Add
2B,Jedd Gyorko,1.4,50,SDP@ARI,"$2,400 ",Add
1B,Andrew Brown,1.5,10,PIT@NYM,"$2,400 ",Add
OF,Darin Mastroianni,0.5,7,TAM@TOR,"$2,400 ",Add
C,Travis D'ArnaudDL,1.3,31,PIT@NYM,"$2,400 ",Add
C,George Kottaras,12.8,1,CLE@CWS,"$2,400 ",Add
SS,Everth Cabrera,1.9,50,SDP@ARI,"$2,400 ",Add
OF,Logan MorrisonDL,0.6,8,LAA@SEA,"$2,400 ",Add
OF,Kevin Kiermaier,1.1,6,TAM@TOR,"$2,400 ",Add
1B,Lucas Duda,1.9,45,PIT@NYM,"$2,400 ",Add
3B,Martin Prado,1.7,52,SDP@ARI,"$2,400 ",Add
OF,Chris Colabello,2,40,TEX@MIN,"$2,400 ",Add
3B,Brock Holt,2.4,16,BOS@ATL,"$2,400 ",Add
SS,Mike Aviles,1.7,42,CLE@CWS,"$2,400 ",Add
2B,Darwin Barney,0.9,34,CHC@SFG,"$2,400 ",Add
OF,Chris Carter,1.8,45,HOU@KAN,"$2,400 ",Add
2B,Ryan Flaherty,1.2,31,BAL@MIL,"$2,400 ",Add
3B,Danny Valencia,1.8,18,HOU@KAN,"$2,400 ",Add
OF,Shane Robinson,0.3,22,NYY@STL,"$2,400 ",Add
C,Robinson Chirinos,1.3,30,TEX@MIN,"$2,400 ",Add
1B,Josh Satin,0.6,15,PIT@NYM,"$2,400 ",Add
2B,Ramon Santiago,0.7,15,CIN@LOS,"$2,400 ",Add
SS,Andrelton Simmons,1.5,47,BOS@ATL,"$2,400 ",Add
C,John Murphy,1.5,15,NYY@STL,"$2,400 ",Add
SS,Zack Cozart,1.2,45,CIN@LOS,"$2,400 ",Add
OF,Collin Cowgill,1.5,43,LAA@SEA,"$2,300 ",Add
OF,Jim AdduciDL,1.5,9,TEX@MIN,"$2,300 ",Add
2B,Scooter Gennett,1.5,49,BAL@MIL,"$2,300 ",Add
OF,Nate McLouth,0.7,43,MIA@WAS,"$2,300 ",Add
C,Chris Gimenez,3.8,4,TEX@MIN,"$2,300 ",Add
2B,Chris Getz,0.7,10,TAM@TOR,"$2,300 ",Add
OF,David Lough,0.9,36,BAL@MIL,"$2,300 ",Add
1B,Tyler Moore,1.1,32,MIA@WAS,"$2,300 ",Add
OF,J.B. Shuck,1.3,21,LAA@SEA,"$2,300 ",Add
OF,Roger Bernadina,0.5,33,CIN@LOS,"$2,300 ",Add
2B,Johnny Giavotella,1.5,10,HOU@KAN,"$2,300 ",Add
2B,Charlie Culberson,0.7,28,COL@PHI,"$2,300 ",Add
SS,Andrew Romine,1.1,34,DET@OAK,"$2,300 ",Add
1B,Jason Giambi,1.2,7,CLE@CWS,"$2,300 ",Add
SS,Adeiny Hechavarria,1.5,51,MIA@WAS,"$2,300 ",Add
SS,Carlos Triunfel,0.1,17,CIN@LOS,"$2,300 ",Add
SS,Pedro Florimon,0.9,25,TEX@MIN,"$2,300 ",Add
OF,Chris Parmelee,1.7,15,TEX@MIN,"$2,300 ",Add
1B,Yonder Alonso,1.3,51,SDP@ARI,"$2,300 ",Add
OF,Ryan Ludwick,1.6,40,CIN@LOS,"$2,300 ",Add
C,Anthony Recker,1.5,24,PIT@NYM,"$2,300 ",Add
OF,Chris Heisey,1.3,41,CIN@LOS,"$2,300 ",Add
OF,Aaron Hicks,1.5,38,TEX@MIN,"$2,300 ",Add
3B,Jack HannahanDL,0.7,83,CIN@LOS,"$2,300 ",Add
C,Carlos Corporan,1.3,20,HOU@KAN,"$2,300 ",Add
SS,Sean Rodriguez,2.1,30,TAM@TOR,"$2,300 ",Add
OF,Ryan SweeneyDL,0.9,20,CHC@SFG,"$2,300 ",Add
2B,Logan Forsythe,0.8,36,TAM@TOR,"$2,300 ",Add
SS,Jacob ElmoreDL,1,52,DET@OAK,"$2,300 ",Add
SS,Eduardo Nunez,1.2,12,TEX@MIN,"$2,300 ",Add
1B,Travis Ishikawa,1,15,CHC@SFG,"$2,300 ",Add
OF,Alex Presley,1.1,40,HOU@KAN,"$2,300 ",Add
SS,Pedro Ciriaco,1.2,11,HOU@KAN,"$2,300 ",Add
2B,Donovan Solano,0.2,27,MIA@WAS,"$2,300 ",Add
SS,Pete Kozma,0.1,4,NYY@STL,"$2,300 ",Add
2B,Dan Uggla,1.2,33,BOS@ATL,"$2,300 ",Add
SS,Yunel Escobar,1.4,51,TAM@TOR,"$2,300 ",Add
C,Jose Lobaton,1.3,26,MIA@WAS,"$2,300 ",Add
OF,Kevin Pillar,1.1,12,TAM@TOR,"$2,300 ",Add
1B,Tommy Medica,0.9,17,SDP@ARI,"$2,300 ",Add
2B,Cesar Hernandez,0.6,16,COL@PHI,"$2,300 ",Add
OF,Will Venable,0.9,55,SDP@ARI,"$2,300 ",Add
OF,Michael Choice,1.3,42,TEX@MIN,"$2,300 ",Add
C,John Baker,0.4,16,CHC@SFG,"$2,300 ",Add
3B,Alberto Callaspo,1.7,44,DET@OAK,"$2,200 ",Add
1B,Lyle Overbay,1.3,37,BAL@MIL,"$2,200 ",Add
OF,Kirk Nieuwenhuis,1.5,9,PIT@NYM,"$2,200 ",Add
3B,Jon Diaz,0.6,23,TAM@TOR,"$2,200 ",Add
OF,Moises Sierra,0.6,33,CLE@CWS,"$2,200 ",Add
OF,Francisco PegueroDL,0.8,18,BAL@MIL,"$2,200 ",Add
C,Brayan Pena,1.5,36,CIN@LOS,"$2,200 ",Add
OF,Jordan Schafer,0.4,31,BOS@ATL,"$2,200 ",Add
C,J.P. Arencibia,0.8,20,TEX@MIN,"$2,200 ",Add
1B,Daric Barton,0.5,30,DET@OAK,"$2,200 ",Add
OF,Ryan Kalish,1.1,39,CHC@SFG,"$2,200 ",Add
OF,Kyle Blanks,1.1,11,DET@OAK,"$2,200 ",Add
C,Nick Hundley,0.5,34,BAL@MIL,"$2,200 ",Add
SS,Danny Worth,0.8,17,DET@OAK,"$2,200 ",Add
2B,Joaquin Arias,0.2,36,CHC@SFG,"$2,200 ",Add
SS,Reid Brignac,0,6,COL@PHI,"$2,200 ",Add
OF,Jose Tabata,0.9,45,PIT@NYM,"$2,200 ",Add
2B,Jonathan Herrera,0.6,24,BOS@ATL,"$2,200 ",Add
OF,John Mayberry,1.1,30,COL@PHI,"$2,200 ",Add
C,Erik Kratz,1.2,18,TAM@TOR,"$2,200 ",Add
2B,Danny Espinosa,1.6,47,MIA@WAS,"$2,200 ",Add
C,Chris Stewart,1.2,14,PIT@NYM,"$2,200 ",Add
OF,Brennan Boesch,0.5,7,LAA@SEA,"$2,200 ",Add
SS,Omar Quintanilla,0.6,15,PIT@NYM,"$2,200 ",Add
2B,Daniel Descalso,0.3,33,NYY@STL,"$2,200 ",Add
OF,Jesus Guzman,0.8,38,HOU@KAN,"$2,200 ",Add
SS,Clint Barmes,1,21,PIT@NYM,"$2,200 ",Add
C,John Buck,1.2,11,LAA@SEA,"$2,200 ",Add
OF,Cole Gillespie,0.9,14,LAA@SEA,"$2,200 ",Add
C,Brett Hayes,-0.4,14,HOU@KAN,"$2,200 ",Add
2B,Eric Sogard,1.1,36,DET@OAK,"$2,200 ",Add
OF,Don Kelly,1.2,23,DET@OAK,"$2,200 ",Add
3B,Brent Morel,-5,1,PIT@NYM,"$2,200 ",Add
C,Michael McKenry,0.8,8,COL@PHI,"$2,200 ",Add
OF,Mike Baxter,-0.2,4,CIN@LOS,"$2,200 ",Add
C,Austin Romine,-0.3,1,NYY@STL,"$2,200 ",Add
SS,Ruben Tejada,0.9,41,PIT@NYM,"$2,200 ",Add
OF,Jackie Bradley,1.5,47,BOS@ATL,"$2,200 ",Add
OF,Donald Lutz,25,1,CIN@LOS,"$2,200 ",Add
C,Tim Federowicz,0.1,13,CIN@LOS,"$2,200 ",Add
SS,Andy Parrino,0.3,14,DET@OAK,"$2,200 ",Add
2B,Mark Ellis,1.1,26,NYY@STL,"$2,200 ",Add
SS,Zach Walters,0.8,27,MIA@WAS,"$2,200 ",Add
3B,Jayson Nix,0.4,18,TAM@TOR,"$2,200 ",Add
C,Jose Molina,-0.1,25,TAM@TOR,"$2,200 ",Add
SS,Cliff Pennington,1,31,SDP@ARI,"$2,200 ",Add
1B,James Loney,2.2,50,TAM@TOR,"$2,200 ",Add
OF,Tyler Colvin,2.3,13,CHC@SFG,"$2,200 ",Add
3B,Maicer IzturisDL,1.2,11,TAM@TOR,"$2,200 ",Add
3B,Chone Figgins,0.9,24,CIN@LOS,"$2,200 ",Add
C,Christopher Herrmann,0.1,17,TEX@MIN,"$2,200 ",Add
C,Sandy Leon,1.2,13,MIA@WAS,"$2,200 ",Add
2B,Elliot Johnson,0.1,7,CLE@CWS,"$2,200 ",Add
OF,Joey Butler,0,6,NYY@STL,"$2,200 ",Add
SS,Jeff Bianchi,0.2,21,BAL@MIL,"$2,200 ",Add
C,Drew Butera,1.7,21,CIN@LOS,"$2,200 ",Add
1B,Paul Konerko,0.9,32,CLE@CWS,"$2,200 ",Add
SS,Ehire Adrianza,0.2,30,CHC@SFG,"$2,200 ",Add
OF,Zoilo Almonte,1,7,NYY@STL,"$2,200 ",Add
OF,Abraham Almonte,1.5,27,LAA@SEA,"$2,200 ",Add
SS,Marwin Gonzalez,1.1,27,HOU@KAN,"$2,200 ",Add
OF,Ender Inciarte,0.2,19,SDP@ARI,"$2,200 ",Add
SS,Josh Wilson,1,26,TEX@MIN,"$2,200 ",Add
OF,Roger Kieschnick,-0.4,4,SDP@ARI,"$2,200 ",Add
2B,Scott Sizemore,1.8,6,NYY@STL,"$2,200 ",Add
OF,Jaff Decker,-0.2,3,PIT@NYM,"$2,200 ",Add
C,Juan Centeno,1.2,5,PIT@NYM,"$2,200 ",Add
SS,Jordy Mercer,0.8,45,PIT@NYM,"$2,200 ",Add
3B,Wilmer Flores,0.8,11,PIT@NYM,"$2,200 ",Add
3B,Ryan Wheeler,3.3,2,COL@PHI,"$2,200 ",Add
OF,Tony Campana,0.7,23,SDP@ARI,"$2,200 ",Add
2B,DJ LeMahieu,1.5,49,COL@PHI,"$2,200 ",Add
2B,Jonathan Schoop,1.6,45,BAL@MIL,"$2,200 ",Add
OF,Jason Kubel,1.6,41,TEX@MIN,"$2,200 ",Add
OF,Alejandro De Aza,1.4,53,CLE@CWS,"$2,200 ",Add
2B,Steve Lombardozzi,1.1,20,BAL@MIL,"$2,200 ",Add
OF,Eury PerezDL,0.3,9,MIA@WAS,"$2,200 ",Add
OF,Matt den Dekker,-11.5,1,PIT@NYM,"$2,200 ",Add
2B,Ryan Goins,0.4,26,TAM@TOR,"$2,200 ",Add
3B,John McDonald,0.5,22,LAA@SEA,"$2,200 ",Add
SS,Tyler Pastornicky,0.6,21,BOS@ATL,"$2,200 ",Add
SS,Tim BeckhamDL,0.8,5,TAM@TOR,"$2,200 ",Add
OF,Travis Snider,1,45,PIT@NYM,"$2,200 ",Add
C,Josh Thole,1.4,20,TAM@TOR,"$2,200 ",Add
2B,Jimmy Paredes,1,7,HOU@KAN,"$2,200 ",Add
3B,Ramiro Pena,0.9,29,BOS@ATL,"$2,200 ",Add
OF,Nick Buss,-0.2,8,DET@OAK,"$2,200 ",Add
OF,Mike Carp,1,29,BOS@ATL,"$2,200 ",Add
SS,Brendan Ryan,0.6,12,NYY@STL,"$2,200 ",Add
OF,Juan Perez,0,22,CHC@SFG,"$2,200 ",Add
OF,Chris Coghlan,0.1,15,CHC@SFG,"$2,200 ",Add
SS,Justin Sellers,0.8,6,CLE@CWS,"$2,200 ",Add
1B,Efren Navarro,1.9,11,LAA@SEA,"$2,200 ",Add
2B,Elian Herrera,0.4,19,BAL@MIL,"$2,200 ",Add
C,Steve Clevenger,1.5,24,BAL@MIL,"$2,200 ",Add
SS,Alex Gonzalez,0.9,10,DET@OAK,"$2,200 ",Add
2B,Freddy Galvis,-0.1,16,COL@PHI,"$2,200 ",Add
2B,Kevin Frandsen,0.8,40,MIA@WAS,"$2,200 ",Add
3B,Luis Jimenez,0.5,9,LAA@SEA,"$2,200 ",Add
1B,Greg Dobbs,0.1,22,MIA@WAS,"$2,200 ",Add
OF,Caleb Gindl,0.4,8,BAL@MIL,"$2,200 ",Add
SS,Brad Miller,1.1,42,LAA@SEA,"$2,200 ",Add
2B,Ryan Roberts,0.2,8,BOS@ATL,"$2,200 ",Add
2B,Jeffrey KobernusDL,0.9,24,MIA@WAS,"$2,200 ",Add
C,Francisco CervelliDL,0.8,5,NYY@STL,"$2,200 ",Add
3B,Nick Castellanos,1.7,41,DET@OAK,"$2,200 ",Add
C,David Ross,1.1,16,BOS@ATL,"$2,200 ",Add
1B,Neftali Soto,0.1,19,CIN@LOS,"$2,200 ",Add
2B,Irving Falu,-0.8,1,BAL@MIL,"$2,200 ",Add
OF,Logan Schafer,1.1,29,BAL@MIL,"$2,200 ",Add
SS,Jace Peterson,0.5,10,SDP@ARI,"$2,200 ",Add
OF,Engel BeltreDL,0.7,22,TEX@MIN,"$2,200 ",Add
C,Miguel Olivo,1.2,8,CIN@LOS,"$2,200 ",Add
OF,Alfredo Marte,1,10,SDP@ARI,"$2,200 ",Add
C,Jordan Pacheco,1.3,23,COL@PHI,"$2,200 ",Add
OF,Jordan Danks,0.9,21,CLE@CWS,"$2,200 ",Add
C,Ryan Hanigan,1.4,42,TAM@TOR,"$2,200 ",Add
OF,Delmon Young,1.2,24,BAL@MIL,"$2,200 ",Add
2B,Alexi Amarista,1,43,SDP@ARI,"$2,200 ",Add
